{"cameraMode":{"drawMode":0,"name":"Shaded","section":"Shading Mode"},"sceneLighting":false,"audioPlay":false,"sceneViewState":{"m_AlwaysRefresh":false,"showFog":true,"showSkybox":false,"showFlares":true,"showImageEffects":true,"showParticleSystems":true,"showVisualEffectGraphs":true,"m_FxEnabled":true},"in2DMode":false,"pivot":{"x":-0.22497618198394776,"y":2.7213830947875978,"z":-2.1700003147125246},"rotation":{"x":-0.1808854639530182,"y":-0.7016316056251526,"z":0.19210343062877656,"w":-0.6619752049446106},"size":2.3315000534057619,"orthographic":false}