{"cameraMode":{"drawMode":0,"name":"Shaded","section":"Shading Mode"},"sceneLighting":false,"audioPlay":false,"sceneViewState":{"m_AlwaysRefresh":false,"showFog":true,"showSkybox":false,"showFlares":true,"showImageEffects":true,"showParticleSystems":true,"showVisualEffectGraphs":true,"m_FxEnabled":true},"in2DMode":false,"pivot":{"x":-1.062000036239624,"y":0.37980151176452639,"z":2.7139999866485597},"rotation":{"x":0.21575461328029633,"y":-0.02345382608473301,"z":0.004922274965792894,"w":0.9762212038040161},"size":0.7933552861213684,"orthographic":false}